#NAME,Group,TimePoint,Class
BLCT01,CT,BL,BLCT
BLCT02,CT,BL,BLCT
BLCT03,CT,BL,BLCT
BLCT04,CT,BL,BLCT
BLCT05,CT,BL,BLCT
BLCT06,CT,BL,BLCT
BLCT07,CT,BL,BLCT
BLCT08,CT,BL,BLCT
BLCT09,CT,BL,BLCT
BLCT10,CT,BL,BLCT
BLCR01,CR,BL,BLCR
BLCR02,CR,BL,BLCR
BLCR03,CR,BL,BLCR
BLCR04,CR,BL,BLCR
BLCR05,CR,BL,BLCR
BLCR06,CR,BL,BLCR
BLCR07,CR,BL,BLCR
BLCR08,CR,BL,BLCR
BLCR09,CR,BL,BLCR
BLCR10,CR,BL,BLCR
D14CT01,CT,D14,D14CT
D14CT02,CT,D14,D14CT
D14CT03,CT,D14,D14CT
D14CT04,CT,D14,D14CT
D14CT05,CT,D14,D14CT
D14CT06,CT,D14,D14CT
D14CT07,CT,D14,D14CT
D14CT08,CT,D14,D14CT
D14CT09,CT,D14,D14CT
D14CT10,CT,D14,D14CT
D14CR01,CR,D14,D14CR
D14CR02,CR,D14,D14CR
D14CR03,CR,D14,D14CR
D14CR04,CR,D14,D14CR
D14CR05,CR,D14,D14CR
D14CR06,CR,D14,D14CR
D14CR07,CR,D14,D14CR
D14CR08,CR,D14,D14CR
D14CR09,CR,D14,D14CR
D14CR10,CR,D14,D14CR