#TAXONOMY,Kingdom,Phylum,Class,Order,Family,Genus,Species
OTU00001,Bacteria,Bacillota,Clostridia,Peptostreptococcales,Peptostreptococcaceae,Romboutsia,Romboutsia ilealis
OTU00002,Bacteria,Bacillota,Bacilli,Lactobacillales,Lactobacillaceae,Lactobacillus,Lactobacillus intestinalis
OTU00003,Bacteria,Bacillota,Clostridia,Eubacteriales,Clostridiaceae,Clostridium,Clostridium saudiense
OTU00004,Bacteria,Bacillota,Clostridia,Peptostreptococcales,Peptostreptococcaceae,Romboutsia,Romboutsia timonensis
OTU00005,Bacteria,Bacillota,Bacilli,Lactobacillales,Lactobacillaceae,Lactobacillus,Lactobacillus johnsonii
OTU00006,Bacteria,Bacillota,Clostridia,Eubacteriales,Clostridiaceae,Clostridium,Clostridium disporicum
OTU00007,Bacteria,Bacillota,Bacilli,Lactobacillales,Lactobacillaceae,Ligilactobacillus,Ligilactobacillus murinus
OTU00008,Bacteria,Bacillota,Bacilli,Lactobacillales,Lactobacillaceae,Limosilactobacillus,Limosilactobacillus reuteri
OTU00009,Bacteria,Bacillota,Bacilli,Lactobacillales,Lactobacillaceae,Lactobacillus,Lactobacillus taiwanensis
OTU00010,Unknown,Unknown,Unknown,Unknown,Unknown,Unknown,Unknown
OTU00011,Bacteria,Bacillota,Bacilli,Lactobacillales,Lactobacillaceae,Limosilactobacillus,Limosilactobacillus balticus
OTU00012,Bacteria,Bacillota,Clostridia,Lachnospirales,Lachnospiraceae,Blautia,Blautia glucerasea
OTU00013,Bacteria,Bacillota,Bacilli,Lactobacillales,Enterococcaceae,Enterococcus,Enterococcus faecalis
OTU00014,Bacteria,Bacillota,Clostridia,Eubacteriales,Oscillospiraceae,Vescimonas,Vescimonas fastidiosa
OTU00015,Bacteria,Bacillota,Clostridia,Lachnospirales,Lachnospiraceae,Blautia,Blautia schinkii
OTU00016,Bacteria,Bacillota,Bacilli,Lactobacillales,Aerococcaceae,Aerococcus,Aerococcus viridans
OTU00017,Bacteria,Bacillota,Clostridia,Eubacteriales,Oscillospiraceae,Acetivibrio,Acetivibrio cellulolyticus
OTU00018,Bacteria,Bacillota,Clostridia,Eubacteriales,Clostridiaceae,Clostridium,Clostridium thermosuccinogenes
OTU00019,Bacteria,Bacillota,Clostridia,Eubacteriales,Oscillospiraceae,Acetivibrio,Acetivibrio alkalicellulosi
OTU00020,Bacteria,Bacillota,Clostridia,Eubacteriales,Oscillospiraceae,Acetivibrio,Acetivibrio clariflavus
OTU00021,Bacteria,Bacillota,Clostridia,Lachnospirales,Lachnospiraceae,Blautia,Blautia hansenii
OTU00022,Bacteria,Bacillota,Clostridia,Eubacteriales,Oscillospiraceae,Ruminococcoides,Ruminococcoides bili
OTU00023,Bacteria,Bacillota,Clostridia,Eubacteriales,Oscillospiraceae,Ruminococcus,Ruminococcus bromii
OTU00024,Bacteria,Bacillota,Bacilli,Lactobacillales,Lactobacillaceae,Limosilactobacillus,Limosilactobacillus agrestis
OTU00025,Bacteria,Bacillota,Clostridia,Lachnospirales,Lachnospiraceae,Waltera,Waltera intestinalis
OTU00026,Bacteria,Bacillota,Clostridia,Christensenellales,Christensenellaceae,Luoshenia,Luoshenia tenuis
OTU00027,Bacteria,Bacillota,Clostridia,Eubacteriales,Oscillospiraceae,Oscillospiraceae_Incertae_sedis,[Eubacterium] siraeum
OTU00028,Bacteria,Bacillota,Clostridia,Eubacteriales,Oscillospiraceae,Ructibacterium,Ructibacterium gallinarum
OTU00029,Bacteria,Bacillota,Clostridia,Eubacteriales,Oscillospiraceae,Vescimonas,Vescimonas coprocola
OTU00030,Bacteria,Bacillota,Clostridia,Lachnospirales,Lachnospiraceae,Kineothrix,Kineothrix alysoides
OTU00031,Bacteria,Bacillota,Clostridia,Eubacteriales,Oscillospiraceae,Acetivibrio,Acetivibrio aldrichii
OTU00032,Bacteria,Bacillota,Bacilli,Lactobacillales,Lactobacillaceae,Lactobacillus,Lactobacillus gasseri
OTU00033,Bacteria,Bacillota,Bacilli,Lactobacillales,Enterococcaceae,Enterococcus,Enterococcus hirae
OTU00034,Bacteria,Bacillota,Clostridia,Lachnospirales,Lachnospiraceae,Faecalicatena,Faecalicatena absiana
OTU00035,Bacteria,Bacillota,Clostridia,Eubacteriales,Clostridiaceae,Clostridium,Clostridium phoceensis
OTU00036,Bacteria,Bacillota,Clostridia,Eubacteriales,Oscillospiraceae,Oscillibacter,Oscillibacter valericigenes
OTU00037,Bacteria,Bacillota,Clostridia,Lachnospirales,Lachnospiraceae,Tyzzerella,[Clostridium] colinum
OTU00038,Bacteria,Bacillota,Clostridia,Eubacteriales,Oscillospiraceae,Ruminiclostridium,Ruminiclostridium cellobioparum
OTU00039,Bacteria,Bacillota,Clostridia,Eubacteriales,Oscillospiraceae,Ruminococcus,Ruminococcus albus
OTU00040,Bacteria,Bacillota,Bacilli,Lactobacillales,Aerococcaceae,Aerococcus,Aerococcus urinaeequi
OTU00041,Bacteria,Bacillota,Erysipelotrichia,Erysipelotrichales,Erysipelotrichaceae,Faecalibaculum,Faecalibaculum rodentium
OTU00042,Bacteria,Bacillota,Bacilli,Lactobacillales,Streptococcaceae,Streptococcus,Streptococcus pasteurianus
OTU00043,Bacteria,Bacillota,Clostridia,Lachnospirales,Lachnospiraceae,Jingyaoa,Jingyaoa shaoxingensis
OTU00044,Bacteria,Bacillota,Clostridia,Lachnospirales,Lachnospiraceae,Sporofaciens,Sporofaciens musculi
OTU00045,Bacteria,Bacillota,Clostridia,Eubacteriales,Eubacteriales Family XIII. Incertae Sedis,Lentihominibacter,Lentihominibacter hominis
OTU00046,Bacteria,Bacillota,Clostridia,Monoglobales,Monoglobaceae,Monoglobus,Monoglobus pectinilyticus
OTU00047,Bacteria,Bacillota,Clostridia,Eubacteriales,Oscillospiraceae,Ruminococcus,Ruminococcus flavefaciens
OTU00048,Bacteria,Bacillota,Clostridia,Eubacteriales,Eubacteriaceae,Eubacterium,Eubacterium coprostanoligenes
OTU00049,Bacteria,Bacillota,Clostridia,Eubacteriales,Oscillospiraceae,Ruminiclostridium,Ruminiclostridium josui
OTU00050,Bacteria,Bacillota,Erysipelotrichia,Erysipelotrichales,Erysipelotrichaceae,Allobaculum,Allobaculum stercoricanis
OTU00051,Bacteria,Bacillota,Clostridia,Lachnospirales,Lachnospiraceae,Fusimonas,Fusimonas intestini
OTU00052,Bacteria,Actinomycetota,Coriobacteriia,Eggerthellales,Eggerthellaceae,Adlercreutzia,Adlercreutzia equolifaciens
OTU00053,Bacteria,Bacillota,Erysipelotrichia,Erysipelotrichales,Turicibacteraceae,Turicibacter,Turicibacter sanguinis
OTU00054,Bacteria,Candidatus Melainabacteria,Vampirovibriophyceae,Vampirovibrionales,Vampirovibrionales_Incertae_sedis,Vampirovibrio,Vampirovibrio chlorellavorus
OTU00055,Bacteria,Bacillota,Clostridia,Lachnospirales,Lachnospiraceae,Hominisplanchenecus,Hominisplanchenecus faecis
OTU00056,Bacteria,Bacillota,Clostridia,Eubacteriales,Oscillospiraceae,Anaerobacterium,Anaerobacterium chartisolvens
OTU00057,Bacteria,Bacillota,Clostridia,Lachnospirales,Lachnospiraceae,Blautia,Blautia intestinalis
OTU00058,Bacteria,Bacillota,Clostridia,Eubacteriales,Oscillospiraceae,Ruminiclostridium,Ruminiclostridium herbifermentans
OTU00059,Bacteria,Bacillota,Clostridia,Eubacteriales,Oscillospiraceae,Petroclostridium,Petroclostridium xylanilyticum
OTU00060,Bacteria,Bacillota,Clostridia,Eubacteriales,Oscillospiraceae,Ruminiclostridium,Ruminiclostridium hungatei
OTU00061,Bacteria,Bacillota,Clostridia,Eubacteriales,Clostridiaceae,Clostridium,Clostridium jeddahitimonense
OTU00062,Bacteria,Bacillota,Clostridia,Eubacteriales,Eubacteriales_Incertae_sedis,Intestinimonas,Intestinimonas timonensis
OTU00063,Bacteria,Bacillota,Clostridia,Lachnospirales,Lachnospiraceae,Faecalimonas,Faecalimonas umbilicata
OTU00064,Bacteria,Bacillota,Clostridia,Eubacteriales,Oscillospiraceae,Lawsonibacter,Lawsonibacter asaccharolyticus
OTU00065,Bacteria,Bacteroidota,Bacteroidia,Bacteroidales,Muribaculaceae,Muribaculum,Muribaculum gordoncarteri
OTU00066,Bacteria,Bacteroidota,Bacteroidia,Bacteroidales,Muribaculaceae,Duncaniella,Duncaniella freteri
OTU00067,Bacteria,Bacillota,Clostridia,Lachnospirales,Lachnospiraceae,Jutongia,Jutongia hominis
OTU00068,Bacteria,Bacillota,Bacilli,Lactobacillales,Enterococcaceae,Enterococcus,Enterococcus gallinarum
OTU00069,Bacteria,Bacillota,Clostridia,Lachnospirales,Lachnospiraceae,Dorea,Dorea phocaeensis
OTU00070,Bacteria,Bacillota,Clostridia,Eubacteriales,Clostridiaceae,Massilioclostridium,Massilioclostridium coli
OTU00071,Bacteria,Bacillota,Clostridia,Lachnospirales,Lachnospiraceae,Dorea,Dorea longicatena
OTU00072,Bacteria,Bacillota,Clostridia,Eubacteriales,Oscillospiraceae,Neglectibacter,Neglectibacter timonensis
OTU00073,Bacteria,Bacillota,Clostridia,Lachnospirales,Lachnospiraceae,Mediterraneibacter,Mediterraneibacter gnavus
OTU00074,Bacteria,Bacillota,Clostridia,Lachnospirales,Lachnospiraceae,Mediterraneibacter,[Ruminococcus] torques
OTU00075,Bacteria,Actinomycetota,Actinomycetes,Mycobacteriales,Corynebacteriaceae,Corynebacterium,Corynebacterium dentalis
OTU00076,Bacteria,Bacillota,Clostridia,Eubacteriales,Oscillospiraceae,Acetivibrio,Acetivibrio straminisolvens
OTU00077,Bacteria,Bacillota,Erysipelotrichia,Erysipelotrichales,Turicibacteraceae,Turicibacter,Turicibacter bilis
OTU00078,Bacteria,Bacillota,Clostridia,Lachnospirales,Lachnospiraceae,Marvinbryantia,Marvinbryantia formatexigens
OTU00079,Bacteria,Bacillota,Bacilli,Lactobacillales,Lactobacillaceae,Lactobacillus,Lactobacillus paragasseri
OTU00080,Bacteria,Bacteroidota,Bacteroidia,Bacteroidales,Muribaculaceae,Duncaniella,Duncaniella muris
OTU00081,Bacteria,Bacillota,Clostridia,Eubacteriales,Oscillospiraceae,Acetivibrio,Acetivibrio saccincola
OTU00082,Bacteria,Bacillota,Clostridia,Eubacteriales,Butyricicoccaceae,Butyricicoccus,Butyricicoccus intestinisimiae
OTU00083,Bacteria,Bacillota,Clostridia,Eubacteriales,Oscillospiraceae,Ruminococcus,Ruminococcus champanellensis
OTU00084,Bacteria,Bacillota,Clostridia,Lachnospirales,Lachnospiraceae,Blautia,Blautia producta
OTU00085,Bacteria,Bacillota,Clostridia,Lachnospirales,Lachnospiraceae,Murimonas,Murimonas intestini
OTU00086,Bacteria,Bacillota,Clostridia,Eubacteriales,Oscillospiraceae,Ruminococcus,Ruminococcus callidus
OTU00087,Bacteria,Bacillota,Bacilli,Lactobacillales,Streptococcaceae,Streptococcus,Streptococcus danieliae
OTU00088,Bacteria,Bacillota,Clostridia,Eubacteriales,Butyricicoccaceae,Butyricicoccus,Butyricicoccus porcorum
OTU00089,Bacteria,Bacillota,Clostridia,Lachnospirales,Lachnospiraceae,Faecalicatena,Faecalicatena faecalis
OTU00090,Bacteria,Bacillota,Clostridia,Eubacteriales,Acutalibacteraceae,Caproiciproducens,Caproiciproducens galactitolivorans
OTU00091,Bacteria,Bacteroidota,Bacteroidia,Bacteroidales,Prevotellaceae,Xylanibacter,Xylanibacter rarus
OTU00092,Bacteria,Bacillota,Clostridia,Eubacteriales,Eubacteriaceae,Eubacterium,Eubacterium xylanophilum
OTU00093,Bacteria,Bacillota,Clostridia,Eubacteriales,Oscillospiraceae,Ruminiclostridium,Ruminiclostridium cellulolyticum
OTU00094,Bacteria,Bacillota,Clostridia,Lachnospirales,Lachnospiraceae,Roseburia,Roseburia hominis
OTU00095,Bacteria,Bacillota,Clostridia,Peptostreptococcales,Peptostreptococcaceae,Romboutsia,Romboutsia maritimum
OTU00096,Bacteria,Bacillota,Clostridia,Christensenellales,Christensenellaceae,Gehongia,Gehongia tenuis
OTU00097,Bacteria,Bacillota,Clostridia,Eubacteriales,Oscillospiraceae,Oscillibacter,Oscillibacter massiliensis
OTU00098,Bacteria,Bacillota,Clostridia,Eubacteriales,Eubacteriales_Incertae_sedis,Evtepia,Evtepia gabavorous
OTU00099,Bacteria,Bacillota,Clostridia,Lachnospirales,Lachnospiraceae,Anaerobutyricum,Anaerobutyricum soehngenii
OTU00100,Bacteria,Bacillota,Clostridia,Eubacteriales,Oscillospiraceae,Ruminiclostridium,Ruminiclostridium sufflavum
OTU00101,Bacteria,Bacillota,Clostridia,Lachnospirales,Lachnospiraceae,Faecalicatena,Faecalicatena orotica
OTU00102,Bacteria,Bacillota,Clostridia,Eubacteriales,Peptococcaceae,Dehalobacterium,Dehalobacterium formicoaceticum
OTU00103,Bacteria,Bacillota,Clostridia,Peptostreptococcales,Peptostreptococcaceae,Terrisporobacter,Terrisporobacter mayombei
OTU00104,Bacteria,Bacillota,Clostridia,Eubacteriales,Clostridiaceae,Clostridium,Clostridium celatum
OTU00105,Bacteria,Bacillota,Clostridia,Lachnospirales,Lachnospiraceae,Roseburia,Roseburia inulinivorans
OTU00106,Bacteria,Bacillota,Clostridia,Eubacteriales,Oscillospiraceae,Fumia,Fumia xinanensis
OTU00107,Bacteria,Bacillota,Clostridia,Eubacteriales,Oscillospiraceae,Acetivibrio,Acetivibrio mesophilus
OTU00108,Bacteria,Bacillota,Clostridia,Lachnospirales,Lachnospiraceae,Eisenbergiella,Eisenbergiella tayi
OTU00109,Bacteria,Bacillota,Clostridia,Lachnospirales,Lachnospiraceae,Luxibacter,Luxibacter massiliensis
OTU00110,Bacteria,Bacillota,Clostridia,Lachnospirales,Lachnospiraceae,Lacrimispora,Lacrimispora saccharolytica
OTU00111,Bacteria,Bacillota,Clostridia,Lachnospirales,Lachnospiraceae,Blautia,Blautia phocaeensis
OTU00112,Bacteria,Bacillota,Clostridia,Lachnospirales,Lachnospiraceae,Acetatifactor,Acetatifactor muris
OTU00113,Bacteria,Bacillota,Clostridia,Lachnospirales,Lachnospiraceae,Blautia,Blautia hominis
OTU00114,Bacteria,Bacillota,Clostridia,Eubacteriales,Clostridiaceae,Lactonifactor,Lactonifactor longoviformis
OTU00115,Bacteria,Bacillota,Clostridia,Lachnospirales,Lachnospiraceae,Lachnoclostridium,[Clostridium] scindens
OTU00116,Bacteria,Bacillota,Clostridia,Eubacteriales,Eubacteriales Family XIII. Incertae Sedis,Zhenpiania,Zhenpiania hominis
OTU00117,Bacteria,Bacillota,Clostridia,Lachnospirales,Lachnospiraceae,Blautia,Blautia brookingsii
OTU00118,Bacteria,Bacillota,Clostridia,Eubacteriales,Eubacteriales_Incertae_sedis,Intestinimonas,Intestinimonas gabonensis
OTU00119,Bacteria,Bacillota,Clostridia,Lachnospirales,Lachnospiraceae,Blautia,Blautia argi
OTU00120,Bacteria,Bacillota,Clostridia,Eubacteriales,Oscillospiraceae,Solibaculum,Solibaculum mannosilyticum
OTU00121,Bacteria,Bacillota,Clostridia,Eubacteriales,Oscillospiraceae,Ruthenibacterium,Ruthenibacterium lactatiformans
OTU00122,Bacteria,Bacillota,Clostridia,Lachnospirales,Lachnospiraceae,Jutongia,Jutongia huaianensis
OTU00123,Bacteria,Bacillota,Clostridia,Eubacteriales,Oscillospiraceae,Papillibacter,Papillibacter cinnamivorans
OTU00124,Bacteria,Bacillota,Clostridia,Lachnospirales,Lachnospiraceae,Faecalicatena,Faecalicatena contorta
OTU00125,Bacteria,Bacillota,Clostridia,Lachnospirales,Lachnospiraceae,Mediterraneibacter,Mediterraneibacter faecis
OTU00126,Bacteria,Bacillota,Clostridia,Lachnospirales,Lachnospiraceae,Eisenbergiella,Eisenbergiella porci
OTU00127,Bacteria,Bacillota,Clostridia,Eubacteriales,Clostridiaceae,Clostridium,Clostridium fessum
OTU00128,Bacteria,Bacillota,Clostridia,Eubacteriales,Oscillospiraceae,Ruminiclostridium,Ruminiclostridium papyrosolvens
OTU00129,Bacteria,Bacillota,Clostridia,Eubacteriales,Feifaniaceae,Feifania,Feifania hominis
OTU00130,Bacteria,Bacillota,Clostridia,Eubacteriales,Oscillospiraceae,Acetivibrio,Acetivibrio thermocellus
OTU00131,Bacteria,Bacillota,Clostridia,Eubacteriales,Oscillospiraceae,Oscillospiraceae_Incertae_sedis,[Clostridium] methylpentosum
OTU00132,Bacteria,Bacillota,Clostridia,Peptostreptococcales,Peptostreptococcaceae,Terrisporobacter,Terrisporobacter glycolicus
OTU00133,Bacteria,Bacillota,Bacilli,Lactobacillales,Streptococcaceae,Streptococcus,Streptococcus sanguinis
OTU00134,Bacteria,Bacillota,Clostridia,Lachnospirales,Lachnospiraceae,Bariatricus,Bariatricus massiliensis
OTU00135,Bacteria,Bacillota,Clostridia,Eubacteriales,Eubacteriales Family XIII. Incertae Sedis,Ihubacter,Ihubacter massiliensis
OTU00136,Bacteria,Bacillota,Clostridia,Eubacteriales,Eubacteriaceae,Eubacterium,Eubacterium ventriosum
OTU00137,Bacteria,Bacillota,Clostridia,Lachnospirales,Lachnospiraceae,Lachnoclostridium,[Clostridium] polysaccharolyticum
OTU00138,Bacteria,Bacillota,Bacillota_Incertae_sedis,Bacillota_Incertae_sedis,Bacillota_Incertae_sedis,Negativibacillus,Negativibacillus massiliensis
OTU00139,Bacteria,Bacillota,Clostridia,Lachnospirales,Lachnospiraceae,Mediterraneibacter,Mediterraneibacter glycyrrhizinilyticus
OTU00140,Bacteria,Bacillota,Clostridia,Eubacteriales,Eubacteriales_Incertae_sedis,Intestinimonas,Intestinimonas butyriciproducens
OTU00141,Bacteria,Bacillota,Clostridia,Lachnospirales,Lachnospiraceae,Roseburia,Roseburia faecis
OTU00142,Bacteria,Bacillota,Clostridia,Eubacteriales,Oscillospiraceae,Tepidibaculum,Tepidibaculum saccharolyticum
OTU00143,Bacteria,Bacteroidota,Bacteroidia,Bacteroidales,Muribaculaceae,Sangeribacter,Sangeribacter muris
OTU00144,Bacteria,Bacillota,Clostridia,Lachnospirales,Lachnospiraceae,Blautia,Blautia pseudococcoides
OTU00145,Bacteria,Bacillota,Clostridia,Lachnospirales,Lachnospiraceae,Schaedlerella,Schaedlerella arabinosiphila
OTU00146,Bacteria,Bacillota,Clostridia,Eubacteriales,Oscillospiraceae,Sporobacter,Sporobacter termitidis
OTU00147,Bacteria,Bacillota,Clostridia,Eubacteriales,Oscillospiraceae,Marseillibacter,Marseillibacter massiliensis
OTU00148,Bacteria,Bacillota,Clostridia,Lachnospirales,Lachnospiraceae,Anaerotaenia,Anaerotaenia torta
OTU00149,Bacteria,Bacillota,Clostridia,Lachnospirales,Lachnospiraceae,Blautia,Blautia coccoides
OTU00150,Bacteria,Bacillota,Bacilli,Lactobacillales,Lactobacillaceae,Ligilactobacillus,Ligilactobacillus animalis
OTU00151,Bacteria,Bacillota,Clostridia,Lachnospirales,Lachnospiraceae,Konateibacter,Konateibacter massiliensis
OTU00152,Bacteria,Bacillota,Clostridia,Lachnospirales,Lachnospiraceae,Enterocloster,Enterocloster hominis (ex Hitch et al. 2024)
OTU00153,Bacteria,Bacillota,Bacilli,Lactobacillales,Lactobacillaceae,Lactobacillus,Lactobacillus gallinarum
OTU00154,Bacteria,Bacillota,Clostridia,Lachnospirales,Lachnospiraceae,Blautia,Blautia wexlerae
OTU00155,Bacteria,Bacillota,Clostridia,Eubacteriales,Butyricicoccaceae,Butyricicoccus,Butyricicoccus pullicaecorum
OTU00156,Bacteria,Bacillota,Clostridia,Peptostreptococcales,Anaerovoracaceae,Emergencia,Emergencia timonensis
OTU00157,Bacteria,Bacillota,Clostridia,Eubacteriales,Clostridiaceae,Mordavella,Mordavella massiliensis
OTU00158,Bacteria,Bacillota,Clostridia,Lachnospirales,Lachnospiraceae,Qiania,Qiania dongpingensis
OTU00159,Bacteria,Bacillota,Clostridia,Eubacteriales,Oscillospiraceae,Pseudoflavonifractor,Pseudoflavonifractor capillosus
OTU00160,Bacteria,Bacillota,Bacilli,Bacillales,Staphylococcaceae,Staphylococcus,Staphylococcus xylosus
OTU00161,Bacteria,Cyanobacteriota,Cyanophyceae,Nostocales,Nostocaceae,Cronbergia,Cronbergia siamensis
OTU00162,Bacteria,Bacillota,Clostridia,Lachnospirales,Lachnospiraceae,Roseburia,Roseburia intestinalis
OTU00163,Bacteria,Bacillota,Clostridia,Eubacteriales,Oscillospiraceae,Angelakisella,Angelakisella massiliensis
OTU00164,Bacteria,Bacillota,Clostridia,Eubacteriales,Eubacteriales_Incertae_sedis,Intestinimonas,Intestinimonas massiliensis (ex Afouda et al. 2020)
OTU00165,Bacteria,Bacillota,Clostridia,Lachnospirales,Lachnospiraceae,Coprococcus,Coprococcus comes
OTU00166,Bacteria,Bacillota,Clostridia,Lachnospirales,Lachnospiraceae,Enterocloster,Enterocloster clostridioformis
OTU00167,Bacteria,Bacillota,Clostridia,Lachnospirales,Lachnospiraceae,Anaerostipes,Anaerostipes hadrus
OTU00168,Bacteria,Bacillota,Clostridia,Peptostreptococcales,Peptostreptococcaceae,Intestinibacter,Intestinibacter bartlettii
OTU00169,Bacteria,Bacillota,Clostridia,Lachnospirales,Lachnospiraceae,Lacrimispora,Lacrimispora sphenoides
OTU00170,Bacteria,Pseudomonadota,Gammaproteobacteria,Enterobacterales,Enterobacteriaceae,Citrobacter,Citrobacter koseri
OTU00171,Bacteria,Bacillota,Clostridia,Eubacteriales,Clostridiaceae,Clostridium,Clostridium porci
OTU00172,Bacteria,Bacillota,Clostridia,Lachnospirales,Lachnospiraceae,Mediterraneibacter,Mediterraneibacter butyricigenes
OTU00173,Bacteria,Bacillota,Clostridia,Lachnospirales,Lachnospiraceae,Blautia,Blautia faecis
OTU00174,Bacteria,Bacteroidota,Bacteroidia,Bacteroidales,Muribaculaceae,Paramuribaculum,Paramuribaculum intestinale
OTU00175,Bacteria,Bacillota,Clostridia,Lachnospirales,Lachnospiraceae,Anaeromicropila,Anaeromicropila populeti
OTU00176,Bacteria,Bacillota,Clostridia,Eubacteriales,Acutalibacteraceae,Anaeromassilibacillus,Anaeromassilibacillus senegalensis
OTU00177,Bacteria,Bacillota,Clostridia,Peptostreptococcales,Peptostreptococcaceae,Terrisporobacter,Terrisporobacter petrolearius
OTU00178,Bacteria,Bacillota,Clostridia,Eubacteriales,Oscillospiraceae,Dysosmobacter,Dysosmobacter acutus
OTU00179,Bacteria,Bacillota,Clostridia,Lachnospirales,Lachnospiraceae,Roseburia,Roseburia porci
OTU00180,Bacteria,Deferribacterota,Deferribacteres,Deferribacterales,Mucispirillaceae,Mucispirillum,Mucispirillum schaedleri
OTU00181,Bacteria,Bacillota,Clostridia,Lachnospirales,Lachnospiraceae,Blautia,Blautia stercoris
OTU00182,Bacteria,Bacillota,Clostridia,Peptostreptococcales,Peptostreptococcaceae,Romboutsia,Romboutsia sedimentorum
OTU00183,Bacteria,Bacillota,Clostridia,Eubacteriales,Oscillospiraceae,Pseudoflavonifractor,Pseudoflavonifractor gallinarum
OTU00184,Bacteria,Verrucomicrobiota,Verrucomicrobiia,Verrucomicrobiales,Akkermansiaceae,Akkermansia,Akkermansia muciniphila
OTU00185,Bacteria,Bacillota,Erysipelotrichia,Erysipelotrichales,Coprobacillaceae,Faecalibacillus,Faecalibacillus intestinalis
OTU00186,Bacteria,Bacillota,Clostridia,Eubacteriales,Oscillospiraceae,Merdimmobilis,Merdimmobilis hominis
OTU00187,Bacteria,Bacillota,Clostridia,Eubacteriales,Peptococcaceae,Peptococcus,Peptococcus simiae
OTU00188,Bacteria,Bacillota,Clostridia,Lachnospirales,Lachnospiraceae,Gluceribacter,Gluceribacter canis
OTU00189,Bacteria,Bacillota,Clostridia,Lachnospirales,Anaerotignaceae,Anaerotignum,Anaerotignum aminivorans
OTU00190,Bacteria,Bacillota,Clostridia,Lachnospirales,Lachnospiraceae,Blautia,Blautia hydrogenotrophica
OTU00191,Bacteria,Bacillota,Clostridia,Christensenellales,Christensenellaceae,Christensenella,Christensenella hongkongensis
OTU00192,Bacteria,Bacillota,Clostridia,Eubacteriales,Eubacteriales Family XIII. Incertae Sedis,Lentihominibacter,Lentihominibacter faecis
OTU00193,Bacteria,Bacillota,Clostridia,Lachnospirales,Lachnospiraceae,Blautia,Blautia caecimuris
OTU00194,Bacteria,Bacillota,Clostridia,Eubacteriales,Oscillospiraceae,Flavonifractor,Flavonifractor plautii
OTU00195,Bacteria,Bacillota,Clostridia,Eubacteriales,Eubacteriaceae,Anaerofustis,Anaerofustis stercorihominis
OTU00196,Bacteria,Bacillota,Clostridia,Lachnospirales,Lachnospiraceae,Anaerocolumna,Anaerocolumna jejuensis
OTU00197,Bacteria,Bacillota,Clostridia,Christensenellales,Christensenellaceae,Christensenella,Christensenella massiliensis
OTU00198,Bacteria,Pseudomonadota,Gammaproteobacteria,Enterobacterales,Enterobacteriaceae,Escherichia,Escherichia fergusonii
OTU00199,Bacteria,Bacillota,Clostridia,Lachnospirales,Lachnospiraceae,Frisingicoccus,Frisingicoccus caecimuris
OTU00200,Bacteria,Bacillota,Clostridia,Lachnospirales,Lachnospiraceae,Eisenbergiella,Eisenbergiella massiliensis
OTU00201,Bacteria,Bacillota,Clostridia,Lachnospirales,Lachnospiraceae,Lachnoclostridium,Lachnoclostridium edouardi
OTU00202,Bacteria,Bacillota,Clostridia,Lachnospirales,Lachnospiraceae,Robinsoniella,Robinsoniella peoriensis
OTU00203,Bacteria,Bacillota,Clostridia,Peptostreptococcales,Peptostreptococcaceae,Romboutsia,Romboutsia hominis
OTU00204,Bacteria,Bacillota,Clostridia,Eubacteriales,Oscillospiraceae,Gorbachella,Gorbachella massiliensis
OTU00205,Bacteria,Actinomycetota,Coriobacteriia,Coriobacteriales,Coriobacteriaceae,Parvibacter,Parvibacter caecicola
OTU00206,Bacteria,Bacillota,Clostridia,Lachnospirales,Lachnospiraceae,Enterocloster,Enterocloster bolteae
OTU00207,Bacteria,Bacillota,Clostridia,Eubacteriales,Oscillospiraceae,Massiliimalia,Massiliimalia massiliensis
OTU00208,Bacteria,Bacillota,Clostridia,Christensenellales,Christensenellaceae,Guopingia,Guopingia tenuis
OTU00209,Bacteria,Bacillota,Clostridia,Lachnospirales,Lachnospiraceae,Lacrimispora,Lacrimispora amygdalina
OTU00210,Bacteria,Bacillota,Clostridia,Eubacteriales,Butyricicoccaceae,Agathobaculum,Agathobaculum butyriciproducens
OTU00211,Bacteria,Bacillota,Clostridia,Lachnospirales,Lachnospiraceae,Anaerostipes,Anaerostipes butyraticus
OTU00212,Bacteria,Bacillota,Clostridia,Eubacteriales,Oscillospiraceae,Bittarella (ex Durand et al. 2017),Bittarella massiliensis (ex Durand et al. 2017)
OTU00213,Bacteria,Bacillota,Clostridia,Lachnospirales,Lachnospiraceae,Wansuia,Wansuia hejianensis
OTU00214,Bacteria,Bacillota,Clostridia,Eubacteriales,Clostridiaceae,Clostridium,Clostridium quinii
OTU00215,Bacteria,Bacteroidota,Bacteroidia,Bacteroidales,Prevotellaceae,Hoylesella,Hoylesella loescheii
OTU00216,Bacteria,Pseudomonadota,Gammaproteobacteria,Enterobacterales,Enterobacteriaceae,Shigella,Shigella flexneri
OTU00217,Bacteria,Bacillota,Clostridia,Eubacteriales,Oscillospiraceae,Oscillibacter,Oscillibacter ruminantium
OTU00218,Bacteria,Bacillota,Bacilli,Bacillales,Staphylococcaceae,Staphylococcus,Staphylococcus ureilyticus
OTU00219,Bacteria,Bacillota,Clostridia,Eubacteriales,Oscillospiraceae,Ercella,Ercella succinigenes
OTU00220,Bacteria,Bacillota,Clostridia,Eubacteriales,Oscillospiraceae,Pseudoflavonifractor,Pseudoflavonifractor phocaeensis
OTU00221,Bacteria,Bacillota,Clostridia,Lachnospirales,Lachnospiraceae,Lachnoclostridium,Lachnoclostridium urinimassiliense
OTU00222,Bacteria,Actinomycetota,Coriobacteriia,Eggerthellales,Eggerthellaceae,Adlercreutzia,Adlercreutzia caecimuris
OTU00223,Bacteria,Bacillota,Bacilli,Lactobacillales,Streptococcaceae,Streptococcus,Streptococcus gordonii
OTU00224,Bacteria,Cyanobacteriota,Cyanophyceae,Oscillatoriales,Microcoleaceae,Planktothrix,Planktothrix serta
OTU00225,Bacteria,Bacillota,Clostridia,Lachnospirales,Lachnospiraceae,Butyribacter,Butyribacter intestini
OTU00226,Bacteria,Actinomycetota,Coriobacteriia,Eggerthellales,Eggerthellaceae,Adlercreutzia,Adlercreutzia hattorii
OTU00227,Bacteria,Bacillota,Clostridia,Eubacteriales,Oscillospiraceae,Provencibacterium,Provencibacterium massiliense
OTU00228,Bacteria,Bacillota,Clostridia,Lachnospirales,Lachnospiraceae,Blautia,Blautia luti
OTU00229,Bacteria,Bacillota,Clostridia,Lachnospirales,Lachnospiraceae,Blautia,Blautia faecicola
OTU00230,Bacteria,Bacillota,Bacilli,Lactobacillales,Streptococcaceae,Streptococcus,Streptococcus ilei
OTU00231,Bacteria,Bacillota,Clostridia,Eubacteriales,Oscillospiraceae,Dysosmobacter,Dysosmobacter welbionis
OTU00232,Bacteria,Bacteroidota,Bacteroidia,Bacteroidales,Muribaculaceae,Duncaniella,Duncaniella dubosii
OTU00233,Bacteria,Bacillota,Clostridia,Eubacteriales,Acutalibacteraceae,Pseudoruminococcus,Pseudoruminococcus massiliensis
OTU00234,Bacteria,Bacteroidota,Bacteroidia,Bacteroidales,Prevotellaceae,Prevotella,Prevotella marseillensis
OTU00235,Bacteria,Bacillota,Clostridia,Peptostreptococcales,Peptostreptococcaceae,Faecalimicrobium,Faecalimicrobium dakarense
OTU00236,Bacteria,Bacillota,Clostridia,Lachnospirales,Lachnospiraceae,Oliverpabstia,Oliverpabstia intestinalis
OTU00237,Bacteria,Bacillota,Clostridia,Eubacteriales,Eubacteriales_Incertae_sedis,Colidextribacter,Colidextribacter massiliensis
OTU00238,Bacteria,Cyanobacteriota,Cyanophyceae,Gloeobacterales,Gloeobacteraceae,Gloeobacter,Gloeobacter violaceus
OTU00239,Bacteria,Bacillota,Clostridia,Lachnospirales,Lachnospiraceae,Fusicatenibacter,Fusicatenibacter saccharivorans
OTU00240,Bacteria,Bacillota,Clostridia,Eubacteriales,Eubacteriales_Incertae_sedis,Gemmiger,Gemmiger gallinarum
OTU00241,Bacteria,Bacillota,Clostridia,Lachnospirales,Anaerotignaceae,Anaerotignum,Anaerotignum lactatifermentans
OTU00242,Bacteria,Bacillota,Bacilli,Lactobacillales,Streptococcaceae,Streptococcus,Streptococcus koreensis
OTU00243,Bacteria,Bacillota,Clostridia,Eubacteriales,Clostridiaceae,Clostridium,Clostridium massiliamazoniense
OTU00244,Bacteria,Bacillota,Clostridia,Lachnospirales,Lachnospiraceae,Enterocloster,Enterocloster aldenensis
OTU00245,Bacteria,Bacillota,Bacilli,Bacillales,Staphylococcaceae,Mammaliicoccus,Mammaliicoccus sciuri
OTU00246,Bacteria,Bacillota,Bacilli,Lactobacillales,Enterococcaceae,Enterococcus,Enterococcus innesii
OTU00247,Bacteria,Bacillota,Bacilli,Lactobacillales,Lactobacillaceae,Ligilactobacillus,Ligilactobacillus apodemi
OTU00248,Bacteria,Bacillota,Clostridia,Eubacteriales,Oscillospiraceae,Congzhengia,Congzhengia minquanensis
OTU00249,Bacteria,Bacillota,Clostridia,Eubacteriales,Oscillospiraceae,Ruminococcus,Ruminococcus gauvreauii
OTU00250,Bacteria,Bacillota,Clostridia,Eubacteriales,Oscillospiraceae,Oscillospiraceae_Incertae_sedis,[Clostridium] leptum
OTU00251,Bacteria,Bacillota,Bacilli,Lactobacillales,Lactobacillaceae,Limosilactobacillus,Limosilactobacillus albertensis
OTU00252,Bacteria,Bacillota,Clostridia,Eubacteriales,Bianqueaceae,Bianquea,Bianquea renquensis
OTU00253,Bacteria,Bacteroidota,Bacteroidia,Bacteroidales,Muribaculaceae,Muribaculum,Muribaculum intestinale
OTU00254,Bacteria,Bacillota,Clostridia,Eubacteriales,Peptococcaceae,Peptococcus,Peptococcus niger
OTU00255,Bacteria,Bacillota,Clostridia,Lachnospirales,Lachnospiraceae,Lacrimispora,Lacrimispora xylanolytica
OTU00256,Bacteria,Cyanobacteriota,Cyanophyceae,Gloeobacterales,Gloeobacteraceae,Gloeobacter,Gloeobacter morelensis
OTU00257,Bacteria,Bacillota,Bacilli,Lactobacillales,Enterococcaceae,Enterococcus,Enterococcus casseliflavus
OTU00258,Bacteria,Bacillota,Clostridia,Eubacteriales,Oscillospiraceae,Anaerotruncus,Anaerotruncus massiliensis (ex Togo et al. 2019)
OTU00259,Bacteria,Bacillota,Clostridia,Lachnospirales,Lachnospiraceae,Lacrimispora,Lacrimispora indolis
OTU00260,Bacteria,Bacillota,Clostridia,Lachnospirales,Anaerotignaceae,Anaerotignum,Anaerotignum faecicola
OTU00261,Bacteria,Bacillota,Clostridia,Eubacteriales,Eubacteriales_Incertae_sedis,Eubacteriales_Incertae_sedis,[Bacteroides] pectinophilus
OTU00262,Bacteria,Bacteroidota,Bacteroidia,Bacteroidales,Rikenellaceae,Alistipes,Alistipes shahii
OTU00263,Bacteria,Bacillota,Clostridia,Lachnospirales,Lachnospiraceae,Anaerostipes,Anaerostipes hominis (ex Lee et al. 2021)
OTU00264,Bacteria,Bacillota,Clostridia,Lachnospirales,Lachnospiraceae,Enterocloster,Enterocloster citroniae
OTU00265,Bacteria,Bacillota,Clostridia,Eubacteriales,Clostridiaceae,Clostridium,Clostridium merdae
OTU00266,Bacteria,Bacteroidota,Bacteroidia,Bacteroidales,Prevotellaceae,Hoylesella,Hoylesella shahii
OTU00267,Bacteria,Cyanobacteriota,Cyanophyceae,Oscillatoriales,Oscillatoriaceae,Moorena,Moorena producens
OTU00268,Bacteria,Bacillota,Erysipelotrichia,Erysipelotrichales,Coprobacillaceae,Faecalibacillus,Faecalibacillus faecis
OTU00269,Bacteria,Bacillota,Clostridia,Eubacteriales,Oscillospiraceae,Fournierella,Fournierella massiliensis
OTU00270,Bacteria,Bacillota,Clostridia,Eubacteriales,Acutalibacteraceae,Acutalibacter,Acutalibacter muris
OTU00271,Bacteria,Bacillota,Clostridia,Lachnospirales,Lachnospiraceae,Hungatella,Hungatella hathewayi
OTU00272,Bacteria,Bacteroidota,Bacteroidia,Bacteroidales,Bacteroidaceae,Phocaeicola,Phocaeicola sartorii
OTU00273,Bacteria,Bacillota,Clostridia,Lachnospirales,Lachnospiraceae,Sellimonas,Sellimonas intestinalis
OTU00274,Bacteria,Actinomycetota,Coriobacteriia,Eggerthellales,Eggerthellaceae,Adlercreutzia,Adlercreutzia muris
OTU00275,Bacteria,Bacillota,Clostridia,Lachnospirales,Lachnospiraceae,Faecalicatena,Faecalicatena fissicatena
OTU00276,Bacteria,Bacillota,Clostridia,Eubacteriales,Thermincolaceae,Thermincola,Thermincola carboxydiphila
OTU00277,Bacteria,Bacillota,Erysipelotrichia,Erysipelotrichales,Coprobacillaceae,Longibaculum,Longibaculum muris
OTU00278,Bacteria,Bacteroidota,Bacteroidia,Bacteroidales,Muribaculaceae,Heminiphilus,Heminiphilus faecis
OTU00279,Bacteria,Bacillota,Bacilli,Lactobacillales,Lactobacillaceae,Limosilactobacillus,Limosilactobacillus caviae
OTU00280,Bacteria,Bacillota,Clostridia,Eubacteriales,Acutalibacteraceae,Hydrogeniiclostridium,Hydrogeniiclostridium mannosilyticum
OTU00281,Bacteria,Bacillota,Clostridia,Christensenellales,Christensenellaceae,Christensenella,Christensenella minuta
OTU00282,Bacteria,Pseudomonadota,Gammaproteobacteria,Enterobacterales,Enterobacteriaceae,Shigella,Shigella sonnei
OTU00283,Bacteria,Bacillota,Clostridia,Eubacteriales,Oscillospiraceae,Massiliimalia,Massiliimalia timonensis
OTU00284,Bacteria,Bacillota,Bacilli,Lactobacillales,Lactobacillaceae,Weissella,Weissella sagaensis
OTU00285,Bacteria,Bacillota,Clostridia,Eubacteriales,Acutalibacteraceae,Caproicibacter,Caproicibacter fermentans
OTU00286,Bacteria,Bacillota,Clostridia,Peptostreptococcales,Anaerovoracaceae,Anaerovorax,Anaerovorax odorimutans
OTU00287,Bacteria,Bacillota,Clostridia,Christensenellales,Christensenellaceae,Christensenella,Christensenella timonensis
OTU00288,Bacteria,Bacillota,Clostridia,Peptostreptococcales,Anaerovoracaceae,Bacilliculturomica,Bacilliculturomica massiliensis
OTU00289,Bacteria,Bacillota,Clostridia,Eubacteriales,Yeguiaceae,Yeguia,Yeguia hominis
OTU00290,Bacteria,Bacillota,Clostridia,Lachnospirales,Lachnospiraceae,Anaerocolumna,Anaerocolumna aminovalerica
OTU00291,Bacteria,Pseudomonadota,Gammaproteobacteria,Enterobacterales,Enterobacteriaceae,Escherichia,Escherichia marmotae
OTU00292,Bacteria,Bacillota,Clostridia,Lachnospirales,Lachnospiraceae,Lacrimispora,Lacrimispora celerecrescens
OTU00293,Bacteria,Mycoplasmatota,Mollicutes,Acholeplasmatales,Acholeplasmataceae,Haploplasma,Haploplasma axanthum
OTU00294,Bacteria,Bacillota,Clostridia,Eubacteriales,Eubacteriales Family XIII. Incertae Sedis,Sinanaerobacter,Sinanaerobacter chloroacetimidivorans
OTU00295,Bacteria,Bacillota,Bacilli,Lactobacillales,Enterococcaceae,Enterococcus,Enterococcus avium
OTU00296,Bacteria,Bacteroidota,Bacteroidia,Bacteroidales,Bacteroidaceae,Bacteroides,Bacteroides caccae
OTU00297,Bacteria,Bacillota,Clostridia,Lachnospirales,Lachnospiraceae,Merdimonas,Merdimonas faecis
OTU00298,Bacteria,Bacillota,Clostridia,Lachnospirales,Lachnospiraceae,Butyrivibrio,Butyrivibrio crossotus
OTU00299,Bacteria,Bacillota,Clostridia,Eubacteriales,Oscillospiraceae,Pygmaiobacter,Pygmaiobacter massiliensis
OTU00300,Bacteria,Bacillota,Clostridia,Eubacteriales,Eubacteriales_Incertae_sedis,Gemmiger,Gemmiger formicilis
OTU00301,Bacteria,Pseudomonadota,Gammaproteobacteria,Enterobacterales,Enterobacteriaceae,Shigella,Shigella boydii
OTU00302,Bacteria,Bacillota,Clostridia,Lachnospirales,Lachnospiraceae,Lacrimispora,Lacrimispora xylanisolvens
OTU00303,Bacteria,Bacillota,Bacillota_Incertae_sedis,Bacillota_Incertae_sedis,Bacillota_Incertae_sedis,Ndongobacter,Ndongobacter massiliensis
OTU00304,Bacteria,Bacillota,Bacilli,Lactobacillales,Lactobacillaceae,Lactobacillus,Lactobacillus acidophilus
OTU00305,Bacteria,Bacillota,Clostridia,Lachnospirales,Lachnospiraceae,Simiaoa,Simiaoa hominis
OTU00306,Bacteria,Bacillota,Clostridia,Eubacteriales,Gracilibacteraceae,Gracilibacter,Gracilibacter thermotolerans
OTU00307,Bacteria,Mycoplasmatota,Mollicutes,Entomoplasmatales,Spiroplasmataceae,Spiroplasma,Spiroplasma lampyridicola
OTU00308,Bacteria,Bacillota,Clostridia,Eubacteriales,Oscillospiraceae,Anaerotruncus,Anaerotruncus rubiinfantis
OTU00309,Bacteria,Bacillota,Clostridia,Eubacteriales,Oscillospiraceae,Pusillibacter,Pusillibacter faecalis
OTU00310,Bacteria,Bacillota,Clostridia,Eubacteriales,Oscillospiraceae,Paludihabitans,Paludihabitans psychrotolerans
OTU00311,Bacteria,Bacillota,Clostridia,Eubacteriales,Eubacteriales_Incertae_sedis,Flintibacter,Flintibacter butyricus
OTU00312,Bacteria,Bacillota,Clostridia,Lachnospirales,Lachnospiraceae,Anaerosacchariphilus,Anaerosacchariphilus polymeriproducens
OTU00313,Bacteria,Bacillota,Clostridia,Eubacteriales,Eubacteriales_Incertae_sedis,Massilistercora,Massilistercora timonensis
OTU00314,Bacteria,Bacteroidota,Bacteroidia,Bacteroidales,Bacteroidaceae,Bacteroides,Bacteroides caecimuris
OTU00315,Bacteria,Bacillota,Clostridia,Eubacteriales,Oscillospiraceae,Faecalispora,Faecalispora jeddahensis
OTU00316,Bacteria,Bacillota,Clostridia,Eubacteriales,Peptococcaceae,Desulfonispora,Desulfonispora thiosulfatigenes
OTU00317,Bacteria,Bacillota,Clostridia,Eubacteriales,Clostridiaceae,Clostridium,Clostridium tertium
OTU00318,Bacteria,Bacillota,Clostridia,Eubacteriales,Oscillospiraceae,Thermoclostridium,Thermoclostridium stercorarium
OTU00319,Bacteria,Bacillota,Bacilli,Lactobacillales,Streptococcaceae,Streptococcus,Streptococcus equinus
OTU00320,Bacteria,Bacillota,Tissierellia,Tissierellales,Peptoniphilaceae,Anaerococcus,Anaerococcus vaginimassiliensis
OTU00321,Bacteria,Bacillota,Clostridia,Eubacteriales,Eubacteriaceae,Eubacterium,Eubacterium oxidoreducens
OTU00322,Bacteria,Bacillota,Clostridia,Eubacteriales,Oscillospiraceae,Caproicibacterium,Caproicibacterium lactatifermentans
OTU00323,Bacteria,Bacillota,Clostridia,Eubacteriales,Oscillospiraceae,Ligaoa,Ligaoa zhengdingensis
OTU00324,Bacteria,Bacillota,Clostridia,Lachnospirales,Lachnospiraceae,Lacrimispora,Lacrimispora aerotolerans
OTU00325,Bacteria,Bacillota,Clostridia,Lachnospirales,Lachnospiraceae,Lachnoclostridium,[Clostridium] hylemonae
OTU00326,Bacteria,Bacillota,Clostridia,Eubacteriales,Oscillospiraceae,Oscillospiraceae_Incertae_sedis,[Clostridium] viride
OTU00327,Bacteria,Bacillota,Clostridia,Lachnospirales,Lachnospiraceae,Mediterraneibacter,[Ruminococcus] lactaris
OTU00328,Bacteria,Bacteroidota,Bacteroidia,Bacteroidales,Bacteroidaceae,Bacteroides,Bacteroides acidifaciens
OTU00329,Bacteria,Bacillota,Bacilli,Bacillales,Bacillaceae,Bacillus,Bacillus rhizoplanae
OTU00330,Bacteria,Bacillota,Clostridia,Peptostreptococcales,Peptostreptococcaceae,Romboutsia,Romboutsia lituseburensis
OTU00331,Bacteria,Bacillota,Clostridia,Lachnospirales,Lachnospiraceae,Novisyntrophococcus,Novisyntrophococcus fermenticellae
OTU00332,Bacteria,Bacillota,Erysipelotrichia,Erysipelotrichales,Erysipelotrichaceae,Breznakia,Breznakia pachnodae
OTU00333,Bacteria,Bacillota,Bacilli,Lactobacillales,Lactobacillaceae,Lactobacillus,Lactobacillus xujianguonis
OTU00334,Bacteria,Bacillota,Clostridia,Peptostreptococcales,Peptostreptococcaceae,Asaccharospora,Asaccharospora irregularis
OTU00335,Bacteria,Bacillota,Negativicutes,Selenomonadales,Selenomonadaceae,Megamonas,Megamonas hypermegale
OTU00336,Bacteria,Cyanobacteriota,Cyanophyceae,Oscillatoriales,Oscillatoriales_Incertae_sedis,Koinonema,Koinonema pervagatum
OTU00337,Bacteria,Bacillota,Clostridia,Lachnospirales,Lachnospiraceae,Cuneatibacter,Cuneatibacter caecimuris
OTU00338,Bacteria,Cyanobacteriota,Cyanobacteriota_Incertae_sedis,Cyanobacteriota_Incertae_sedis,Cyanobacteriota_Incertae_sedis,Adonisia,Adonisia turfae
OTU00339,Bacteria,Bacillota,Clostridia,Eubacteriales,Oscillospiraceae,Anaerotruncus,Anaerotruncus colihominis
OTU00340,Bacteria,Cyanobacteriota,Cyanophyceae,Oscillatoriales,Microcoleaceae,Planktothrix,Planktothrix rubescens
OTU00341,Bacteria,Bacillota,Bacilli,Lactobacillales,Streptococcaceae,Streptococcus,Streptococcus australis
OTU00342,Bacteria,Bacillota,Bacilli,Lactobacillales,Enterococcaceae,Enterococcus,Enterococcus dispar
OTU00343,Bacteria,Bacteroidota,Bacteroidia,Bacteroidales,Bacteroidaceae,Phocaeicola,Phocaeicola massiliensis
OTU00344,Bacteria,Mycoplasmatota,Mollicutes,Entomoplasmatales,Spiroplasmataceae,Spiroplasma,Spiroplasma phoeniceum
OTU00345,Bacteria,Bacillota,Bacilli,Lactobacillales,Lactobacillaceae,Weissella,Weissella hellenica
OTU00346,Bacteria,Bacillota,Clostridia,Eubacteriales,Caldicoprobacteraceae,Caldicoprobacter,Caldicoprobacter faecalis
OTU00347,Bacteria,Bacillota,Clostridia,Eubacteriales,Oscillospiraceae,Ethanoligenens,Ethanoligenens harbinense
OTU00348,Bacteria,Bacillota,Bacilli,Lactobacillales,Lactobacillaceae,Lactobacillus,Lactobacillus ultunensis
OTU00349,Bacteria,Bacillota,Clostridia,Eubacteriales,Clostridiaceae,Clostridium,Clostridium swellfunianum
OTU00350,Bacteria,Bacillota,Clostridia,Eubacteriales,Clostridiaceae,Clostridium,Clostridium oceanicum
OTU00351,Bacteria,Bacillota,Clostridia,Lachnospirales,Lachnospiraceae,Velocimicrobium,Velocimicrobium porci
OTU00352,Bacteria,Bacillota,Clostridia,Eubacteriales,Oscillospiraceae,Acetanaerobacterium,Acetanaerobacterium elongatum
OTU00353,Bacteria,Actinomycetota,Coriobacteriia,Eggerthellales,Eggerthellaceae,Enteroscipio,Enteroscipio rubneri
OTU00354,Bacteria,Bacillota,Clostridia,Lachnospirales,Lachnospiraceae,Anaerobium,Anaerobium acetethylicum
OTU00355,Bacteria,Bacillota,Clostridia,Eubacteriales,Eubacteriales Family XIII. Incertae Sedis,Eubacteriales Family XIII. Incertae Sedis_Incertae_sedis,[Eubacterium] infirmum
OTU00356,Bacteria,Bacillota,Clostridia,Eubacteriales,Oscillospiraceae,Saccharofermentans,Saccharofermentans acetigenes
OTU00357,Bacteria,Bacteroidota,Bacteroidia,Bacteroidales,Prevotellaceae,Prevotella,Prevotella phocaeensis
OTU00358,Bacteria,Bacillota,Bacillota_Incertae_sedis,Bacillota_Incertae_sedis,Bacillota_Incertae_sedis,Hydrogenispora,Hydrogenispora ethanolica
OTU00359,Bacteria,Mycoplasmatota,Mollicutes,Entomoplasmatales,Spiroplasmataceae,Spiroplasma,Spiroplasma turonicum
OTU00360,Bacteria,Bacillota,Clostridia,Lachnospirales,Lachnospiraceae,Blautia,Blautia provencensis
OTU00361,Bacteria,Bacillota,Clostridia,Eubacteriales,Eubacteriaceae,Alkalibaculum,Alkalibaculum bacchi
OTU00362,Bacteria,Bacillota,Clostridia,Lachnospirales,Lachnospiraceae,Blautia,Blautia marasmi
OTU00363,Bacteria,Bacteroidota,Bacteroidia,Bacteroidales,Rikenellaceae,Alistipes,Alistipes finegoldii
OTU00364,Bacteria,Bacillota,Clostridia,Lachnospirales,Lachnospiraceae,Lachnoclostridium,[Clostridium] herbivorans
OTU00365,Bacteria,Cyanobacteriota,Cyanophyceae,Nostocales,Nostocaceae,Desikacharya,Desikacharya constricta
OTU00366,Bacteria,Bacillota,Bacilli,Lactobacillales,Lactobacillaceae,Limosilactobacillus,Limosilactobacillus rudii
OTU00367,Bacteria,Bacillota,Bacilli,Lactobacillales,Lactobacillaceae,Lactobacillus,Lactobacillus crispatus
OTU00368,Bacteria,Bacteroidota,Bacteroidia,Bacteroidales,Odoribacteraceae,Butyricimonas,Butyricimonas virosa
OTU00369,Bacteria,Bacillota,Clostridia,Eubacteriales,Eubacteriales_Incertae_sedis,Levyella,Levyella massiliensis
OTU00370,Bacteria,Mycoplasmatota,Mollicutes,Entomoplasmatales,Spiroplasmataceae,Spiroplasma,Spiroplasma atrichopogonis
OTU00371,Bacteria,Bacillota,Clostridia,Eubacteriales,Desulfitobacteriaceae,Desulfosporosinus,Desulfosporosinus fructosivorans
OTU00372,Bacteria,Actinomycetota,Coriobacteriia,Eggerthellales,Eggerthellaceae,Eggerthella,Eggerthella timonensis
OTU00373,Bacteria,Bacteroidota,Bacteroidia,Bacteroidales,Bacteroidaceae,Bacteroides,Bacteroides faecichinchillae
OTU00374,Bacteria,Bacillota,Clostridia,Eubacteriales,Clostridiaceae,Clostridium,Clostridium kluyveri
OTU00375,Bacteria,Bacillota,Clostridia,Eubacteriales,Clostridiaceae,Clostridium,Clostridium aestuarii
OTU00376,Bacteria,Bacillota,Clostridia,Eubacteriales,Clostridiaceae,Clostridium,Clostridium transplantifaecale
OTU00377,Bacteria,Bacillota,Clostridia,Lachnospirales,Lachnospiraceae,Lachnospira,[Lactobacillus] rogosae
OTU00378,Bacteria,Bacillota,Clostridia,Eubacteriales,Clostridiaceae,Falcatimonas,Falcatimonas natans
OTU00379,Bacteria,Bacteroidota,Bacteroidia,Bacteroidales,Rikenellaceae,Alistipes,Alistipes putredinis
OTU00380,Bacteria,Mycoplasmatota,Mollicutes,Mycoplasmatales,Mycoplasmataceae,Mycoplasma,Mycoplasma mycoides
OTU00381,Bacteria,Bacillota,Clostridia,Lachnospirales,Lachnospiraceae,Lachnospira,Lachnospira eligens
OTU00382,Bacteria,Bacillota,Clostridia,Lachnospirales,Lachnospiraceae,Anaerocolumna,Anaerocolumna cellulosilytica
OTU00383,Bacteria,Mycoplasmatota,Mollicutes,Anaeroplasmatales,Anaeroplasmataceae,Anaeroplasma,Anaeroplasma abactoclasticum
OTU00384,Bacteria,Bacillota,Clostridia,Lachnospirales,Lachnospiraceae,Lachnoclostridium,Lachnoclostridium phocaeense
OTU00385,Bacteria,Bacillota,Clostridia,Eubacteriales,Oscillospiraceae,Faecalibacterium,Faecalibacterium gallinarum
OTU00386,Bacteria,Pseudomonadota,Gammaproteobacteria,Enterobacterales,Enterobacteriaceae,Shigella,Shigella dysenteriae
OTU00387,Bacteria,Bacillota,Clostridia,Lachnospirales,Lachnospiraceae,Anaerocolumna,Anaerocolumna chitinilytica
OTU00388,Bacteria,Bacteroidota,Bacteroidia,Bacteroidales,Barnesiellaceae,Barnesiella,Barnesiella intestinihominis
OTU00389,Bacteria,Bacillota,Clostridia,Lachnospirales,Lachnospiraceae,Anaerocolumna,Anaerocolumna sedimenticola
OTU00390,Bacteria,Bacillota,Tissierellia,Tissierellales,Peptoniphilaceae,Anaerococcus,Anaerococcus porci
OTU00391,Bacteria,Bacillota,Clostridia,Eubacteriales,Oscillospiraceae,Marasmitruncus,Marasmitruncus massiliensis
OTU00392,Bacteria,Bacillota,Clostridia,Eubacteriales,Clostridiaceae,Clostridium,Clostridium polynesiense
OTU00393,Bacteria,Bacillota,Clostridia,Eubacteriales,Eubacteriaceae,Eubacterium,Eubacterium ramulus
OTU00394,Bacteria,Cyanobacteriota,Cyanophyceae,Gloeobacterales,Gloeobacteraceae,Gloeobacter,Gloeobacter kilaueensis
OTU00395,Bacteria,Bacillota,Clostridia,Lachnospirales,Lachnospiraceae,Wujia,Wujia chipingensis
OTU00396,Bacteria,Mycoplasmatota,Mollicutes,Entomoplasmatales,Spiroplasmataceae,Spiroplasma,Spiroplasma monobiae
OTU00397,Bacteria,Bacillota,Clostridia,Lachnospirales,Anaerotignaceae,Anaerotignum,Anaerotignum propionicum
OTU00398,Bacteria,Bacillota,Clostridia,Lachnospirales,Lachnospiraceae,Acetitomaculum,Acetitomaculum ruminis
OTU00399,Bacteria,Bacillota,Bacilli,Lactobacillales,Lactobacillaceae,Fructobacillus,Fructobacillus papyrifericola
OTU00400,Bacteria,Bacillota,Bacilli,Lactobacillales,Enterococcaceae,Enterococcus,Enterococcus saccharolyticus
OTU00401,Bacteria,Synergistota,Synergistia,Synergistales,Aminobacteriaceae,Lactivibrio,Lactivibrio alcoholicus
OTU00402,Bacteria,Bacillota,Bacilli,Bacillales,Planococcaceae,Ureibacillus,Ureibacillus thermophilus
OTU00403,Bacteria,Bacillota,Clostridia,Lachnospirales,Lachnospiraceae,Hespellia,Hespellia porcina
OTU00404,Bacteria,Bacillota,Clostridia,Lachnospirales,Lachnospiraceae,Coprococcus,Coprococcus phoceensis
OTU00405,Bacteria,Bacteroidota,Bacteroidia,Bacteroidales,Tannerellaceae,Parabacteroides,Parabacteroides goldsteinii
OTU00406,Bacteria,Bacillota,Tissierellia,Tissierellales,Peptoniphilaceae,Aedoeadaptatus,Aedoeadaptatus pacaensis
OTU00407,Bacteria,Actinomycetota,Actinomycetes,Mycobacteriales,Corynebacteriaceae,Corynebacterium,Corynebacterium stationis
OTU00408,Bacteria,Bacillota,Bacilli,Lactobacillales,Streptococcaceae,Streptococcus,Streptococcus oricebi
OTU00409,Bacteria,Bacillota,Clostridia,Eubacteriales,Oscillospiraceae,Mageeibacillus,Mageeibacillus indolicus
OTU00410,Bacteria,Bacillota,Negativicutes,Selenomonadales,Selenomonadaceae,Centipeda,Centipeda periodontii
OTU00411,Bacteria,Bacillota,Bacilli,Lactobacillales,Streptococcaceae,Streptococcus,Streptococcus cristatus
OTU00412,Bacteria,Bacillota,Clostridia,Lachnospirales,Vallitaleaceae,Vallitalea,Vallitalea pronyensis
OTU00413,Bacteria,Cyanobacteriota,Cyanophyceae,Nostocales,Nostocaceae,Anabaena,Anabaena cylindrica
OTU00414,Bacteria,Bacillota,Bacilli,Lactobacillales,Lactobacillaceae,Ligilactobacillus,Ligilactobacillus equi
OTU00415,Bacteria,Bacillota,Bacilli,Lactobacillales,Lactobacillaceae,Lactobacillus,Lactobacillus amylolyticus
OTU00416,Bacteria,Bacillota,Clostridia,Lachnospirales,Lachnospiraceae,Herbinix,Herbinix luporum
OTU00417,Bacteria,Bacillota,Tissierellia,Tissierellales,Peptoniphilaceae,Parvimonas,Parvimonas parva
OTU00418,Bacteria,Bacillota,Negativicutes,Selenomonadales,Sporomusaceae,Pelosinus,Pelosinus fermentans
OTU00419,Bacteria,Bacillota,Clostridia,Eubacteriales,Clostridiaceae,Clostridium,Clostridium saccharoperbutylacetonicum
OTU00420,Bacteria,Mycoplasmatota,Mollicutes,Entomoplasmatales,Spiroplasmataceae,Spiroplasma,Spiroplasma mirum
OTU00421,Bacteria,Bacillota,Clostridia,Christensenellales,Christensenellaceae,Christensenella,Christensenella intestinihominis
OTU00422,Bacteria,Cyanobacteriota,Cyanophyceae,Coleofasciculales,Coleofasciculaceae,Coleofasciculus,Coleofasciculus chthonoplastes
OTU00423,Bacteria,Bacillota,Clostridia,Lachnospirales,Lachnospiraceae,Herbinix,Herbinix hemicellulosilytica
OTU00424,Bacteria,Bacillota,Clostridia,Eubacteriales,Clostridiaceae,Clostridium,Clostridium estertheticum
OTU00425,Bacteria,Bacillota,Bacilli,Lactobacillales,Lactobacillaceae,Furfurilactobacillus,Furfurilactobacillus siliginis
OTU00426,Bacteria,Actinomycetota,Coriobacteriia,Eggerthellales,Eggerthellaceae,Raoultibacter,Raoultibacter timonensis
OTU00427,Bacteria,Bacillota,Clostridia,Eubacteriales,Clostridiaceae,Clostridium,Clostridium cadaveris
OTU00428,Bacteria,Actinomycetota,Coriobacteriia,Eggerthellales,Eggerthellaceae,Arabiibacter,Arabiibacter massiliensis
OTU00429,Bacteria,Bacillota,Bacilli,Lactobacillales,Enterococcaceae,Enterococcus,Enterococcus canintestini
OTU00430,Bacteria,Bacillota,Clostridia,Lachnospirales,Lachnospiraceae,Hungatella,Hungatella effluvii
OTU00431,Bacteria,Bacillota,Clostridia,Eubacteriales,Oscillospiraceae,Anaerofilum,Anaerofilum agile
OTU00432,Bacteria,Bacillota,Bacilli,Lactobacillales,Lactobacillaceae,Lactobacillus,Lactobacillus psittaci
OTU00433,Bacteria,Bacillota,Tissierellia,Tissierellales,Peptoniphilaceae,Anaerosphaera,Anaerosphaera massiliensis
OTU00434,Bacteria,Actinomycetota,Coriobacteriia,Eggerthellales,Eggerthellaceae,Eggerthella,Eggerthella sinensis
OTU00435,Bacteria,Bacillota,Clostridia,Eubacteriales,Clostridiaceae,Clostridium,Clostridium vitabionis
OTU00436,Bacteria,Cyanobacteriota,Cyanophyceae,Nostocales,Nostocaceae,Pseudoaliinostoc,Pseudoaliinostoc sejongens
OTU00437,Bacteria,Bacteroidota,Bacteroidia,Bacteroidales,Tannerellaceae,Parabacteroides,Parabacteroides distasonis
OTU00438,Bacteria,Mycoplasmatota,Mollicutes,Acholeplasmatales,Acholeplasmataceae,Paracholeplasma,Paracholeplasma vituli
OTU00439,Bacteria,Bacillota,Clostridia,Eubacteriales,Clostridiaceae,Clostridium,Clostridium chartatabidum
OTU00440,Bacteria,Bacillota,Clostridia,Eubacteriales,Clostridiaceae,Hathewaya,Hathewaya histolytica
OTU00441,Bacteria,Bacteroidota,Bacteroidia,Bacteroidales,Bacteroidaceae,Bacteroides,Bacteroides thetaiotaomicron
OTU00442,Bacteria,Actinomycetota,Coriobacteriia,Eggerthellales,Eggerthellaceae,Slackia,Slackia exigua
OTU00443,Bacteria,Bacillota,Clostridia,Lachnospirales,Lachnospiraceae,Anaerostipes,Anaerostipes faecalis
OTU00444,Bacteria,Bacteroidota,Bacteroidia,Bacteroidales,Muribaculaceae,Duncaniella,Duncaniella muricolitica
OTU00445,Bacteria,Bacillota,Bacilli,Bacillales,Bacillaceae,Numidum,Numidum massiliense
OTU00446,Bacteria,Bacillota,Clostridia,Lachnospirales,Lachnospiraceae,Parasporobacterium,Parasporobacterium paucivorans
OTU00447,Bacteria,Bacillota,Clostridia,Lachnospirales,Lachnospiraceae,Catenibacillus,Catenibacillus scindens
OTU00448,Bacteria,Pseudomonadota,Betaproteobacteria,Burkholderiales,Comamonadaceae,Comamonas,Comamonas jiangduensis
OTU00449,Bacteria,Bacillota,Erysipelotrichia,Erysipelotrichales,Erysipelotrichaceae,Breznakia,Breznakia blatticola
OTU00450,Bacteria,Bacillota,Clostridia,Eubacteriales,Clostridiaceae,Clostridium,Clostridium liquoris
OTU00451,Bacteria,Bacillota,Clostridia,Eubacteriales,Clostridiaceae,Oxobacter,Oxobacter pfennigii
OTU00452,Bacteria,Cyanobacteriota,Cyanophyceae,Chroococcales,Geminocystaceae,Cyanobacterium,Cyanobacterium aponinum
OTU00453,Bacteria,Bacteroidota,Bacteroidia,Bacteroidales,Prevotellaceae,Segatella,Segatella buccae
OTU00454,Bacteria,Bacillota,Bacilli,Bacillales,Bacillaceae,Priestia,Priestia flexa
OTU00455,Bacteria,Bacteroidota,Bacteroidia,Bacteroidales,Odoribacteraceae,Butyricimonas,Butyricimonas synergistica
OTU00456,Bacteria,Cyanobacteriota,Cyanophyceae,Nodosilineales,Nodosilineaceae,Nodosilinea,Nodosilinea ramsarensis
OTU00457,Bacteria,Bacillota,Bacilli,Lactobacillales,Streptococcaceae,Streptococcus,Streptococcus rubneri
OTU00458,Bacteria,Bacillota,Clostridia,Eubacteriales,Clostridiaceae,Clostridium,Clostridium intestinale
OTU00459,Bacteria,Bacillota,Clostridia,Eubacteriales,Clostridiaceae,Fervidicella,Fervidicella metallireducens
OTU00460,Bacteria,Bacillota,Erysipelotrichia,Erysipelotrichales,Erysipelotrichaceae,Lactimicrobium,Lactimicrobium massiliense
OTU00461,Bacteria,Bacillota,Clostridia,Eubacteriales,Desulfotomaculaceae,Cryptanaerobacter,Cryptanaerobacter phenolicus
OTU00462,Bacteria,Bacillota,Clostridia,Eubacteriales,Eubacteriales Family XIII. Incertae Sedis,Casaltella,Casaltella massiliensis
OTU00463,Bacteria,Bacillota,Bacilli,Lactobacillales,Enterococcaceae,Enterococcus,Enterococcus villorum
OTU00464,Bacteria,Bacteroidota,Bacteroidia,Bacteroidales,Bacteroidaceae,Phocaeicola,Phocaeicola vulgatus
OTU00465,Bacteria,Bacillota,Bacilli,Lactobacillales,Lactobacillaceae,Lactobacillus,Lactobacillus kalixensis
OTU00466,Bacteria,Bacillota,Bacilli,Lactobacillales,Streptococcaceae,Streptococcus,Streptococcus macedonicus
OTU00467,Bacteria,Bacillota,Bacilli,Bacillales,Bacillaceae,Neobacillus,Neobacillus endophyticus
OTU00468,Bacteria,Bacillota,Clostridia,Lachnospirales,Lachnospiraceae,Blautia,Blautia obeum
OTU00469,Bacteria,Bacillota,Clostridia,Eubacteriales,Clostridiaceae,Clostridium,Clostridium minihomine
OTU00470,Bacteria,Bacillota,Bacilli,Lactobacillales,Lactobacillaceae,Leuconostoc,Leuconostoc lactis
OTU00471,Bacteria,Bacteroidota,Bacteroidia,Bacteroidales,Odoribacteraceae,Butyricimonas,Butyricimonas phoceensis
OTU00472,Bacteria,Bacillota,Bacilli,Lactobacillales,Lactobacillaceae,Lactobacillus,Lactobacillus hominis
OTU00473,Bacteria,Bacteroidota,Bacteroidia,Bacteroidales,Prevotellaceae,Prevotella,Prevotella dentalis
OTU00474,Bacteria,Bacillota,Bacilli,Lactobacillales,Lactobacillaceae,Lactobacillus,Lactobacillus amylovorus
OTU00475,Bacteria,Bacteroidota,Bacteroidia,Bacteroidales,Tannerellaceae,Parabacteroides,Parabacteroides merdae
OTU00476,Bacteria,Bacillota,Negativicutes,Veillonellales,Veillonellaceae,Megasphaera,Megasphaera lornae
OTU00477,Bacteria,Bacillota,Erysipelotrichia,Erysipelotrichales,Erysipelotrichaceae,Faecalitalea,Faecalitalea cylindroides
OTU00478,Bacteria,Bacillota,Bacilli,Lactobacillales,Lactobacillaceae,Ligilactobacillus,Ligilactobacillus faecis
OTU00479,Bacteria,Bacillota,Bacilli,Bacillales,Staphylococcaceae,Staphylococcus,Staphylococcus aureus
OTU00480,Bacteria,Mycoplasmatota,Mollicutes,Entomoplasmatales,Spiroplasmataceae,Spiroplasma,Spiroplasma corruscae
OTU00481,Bacteria,Bacillota,Clostridia,Lachnospirales,Lachnospiraceae,Mobilisporobacter,Mobilisporobacter senegalensis
OTU00482,Bacteria,Thermodesulfobacteriota,Desulfuromonadia,Geobacterales,Geobacteraceae,Geotalea,Geotalea uraniireducens
OTU00483,Bacteria,Bacillota,Bacilli,Bacillales,Bacillaceae,Bacillus,Bacillus salacetis
OTU00484,Bacteria,Bacillota,Clostridia,Lachnospirales,Lachnospiraceae,Mobilitalea,Mobilitalea sibirica
OTU00485,Bacteria,Bacteroidota,Bacteroidia,Bacteroidales,Rikenellaceae,Alistipes,Alistipes okayasuensis
OTU00486,Bacteria,Pseudomonadota,Gammaproteobacteria,Enterobacterales,Enterobacteriaceae,Escherichia,Escherichia albertii
OTU00487,Bacteria,Bacteroidota,Bacteroidia,Bacteroidales,Prevotellaceae,Prevotella,Prevotella herbatica
OTU00488,Bacteria,Bacillota,Bacilli,Lactobacillales,Lactobacillaceae,Limosilactobacillus,Limosilactobacillus portuensis
OTU00489,Bacteria,Bacillota,Bacilli,Bacillales,Bacillaceae,Mesobacillus,Mesobacillus fermenti
OTU00490,Bacteria,Bacillota,Bacilli,Bacillales,Bacillaceae,Bacillus,Bacillus tianshenii
OTU00491,Bacteria,Bacillota,Clostridia,Eubacteriales,Clostridiaceae,Caloramator,Caloramator boliviensis
OTU00492,Bacteria,Bacillota,Clostridia,Eubacteriales,Peptococcaceae,Phosphitispora,Phosphitispora fastidiosa
OTU00493,Bacteria,Bacillota,Bacilli,Lactobacillales,Enterococcaceae,Enterococcus,Enterococcus durans
OTU00494,Bacteria,Bacillota,Erysipelotrichia,Erysipelotrichales,Erysipelotrichaceae,Dubosiella,Dubosiella newyorkensis
OTU00495,Bacteria,Bacillota,Clostridia,Eubacteriales,Clostridiaceae,Clostridium,Clostridium autoethanogenum
OTU00496,Bacteria,Cyanobacteriota,Cyanophyceae,Oscillatoriales,Microcoleaceae,Planktothrix,Planktothrix tepida
OTU00497,Bacteria,Cyanobacteriota,Cyanophyceae,Nostocales,Rivulariaceae,Kyrtuthrix,Kyrtuthrix totonaca
OTU00498,Bacteria,Bacillota,Negativicutes,Selenomonadales,Selenomonadaceae,Selenomonas,Selenomonas infelix
OTU00499,Bacteria,Bacillota,Clostridia,Eubacteriales,Eubacteriaceae,Eubacterium,Eubacterium callanderi
OTU00500,Bacteria,Bacillota,Clostridia,Eubacteriales,Clostridiaceae,Caloramator,Caloramator viterbiensis
OTU00501,Bacteria,Bacillota,Clostridia,Lachnospirales,Lachnospiraceae,Mediterraneibacter,Mediterraneibacter catenae
OTU00502,Bacteria,Thermodesulfobacteriota,Syntrophobacteria,Syntrophobacterales,Syntrophobacteraceae,Desulfosoma,Desulfosoma profundi
OTU00503,Bacteria,Actinomycetota,Coriobacteriia,Eggerthellales,Eggerthellaceae,Paraeggerthella,Paraeggerthella hongkongensis
OTU00504,Bacteria,Pseudomonadota,Gammaproteobacteria,Enterobacterales,Enterobacteriaceae,Trabulsiella,Trabulsiella odontotermitis
OTU00505,Bacteria,Bacillota,Clostridia,Peptostreptococcales,Anaerovoracaceae,Aminipila,Aminipila luticellarii
OTU00506,Bacteria,Bacillota,Clostridia,Lachnospirales,Lachnospiraceae,Anaerocolumna,Anaerocolumna xylanovorans
OTU00507,Bacteria,Bacillota,Clostridia,Eubacteriales,Thermincolaceae,Thermincola,Thermincola ferriacetica
OTU00508,Bacteria,Pseudomonadota,Gammaproteobacteria,Enterobacterales,Enterobacteriaceae,Citrobacter,Citrobacter telavivensis
OTU00509,Bacteria,Bacillota,Clostridia,Thermoanaerobacterales,Thermoanaerobacteraceae,Caloribacterium,Caloribacterium cisternae
OTU00510,Bacteria,Cyanobacteriota,Cyanophyceae,Nostocales,Scytonemataceae,Brasilonema,Brasilonema sennae
OTU00511,Bacteria,Cyanobacteriota,Cyanophyceae,Nostocales,Scytonemataceae,Ewamiania,Ewamiania thermalis
OTU00512,Bacteria,Bacillota,Bacillota_Incertae_sedis,Caldicellulosiruptorales,Caldicellulosiruptoraceae,Caldicellulosiruptor,Caldicellulosiruptor owensensis
OTU00513,Bacteria,Bacillota,Negativicutes,Selenomonadales,Sporomusaceae,Sporomusa,Sporomusa sphaeroides
OTU00514,Bacteria,Bacillota,Bacilli,Lactobacillales,Enterococcaceae,Vagococcus,Vagococcus carniphilus
OTU00515,Bacteria,Bacillota,Clostridia,Eubacteriales,Desulfitobacteriaceae,Desulfosporosinus,Desulfosporosinus acididurans
OTU00516,Bacteria,Bacillota,Clostridia,Eubacteriales,Oscillospiraceae,Acetivibrio,Acetivibrio ethanolgignens
OTU00517,Bacteria,Bacillota,Bacilli,Bacillales,Paenibacillaceae,Ammoniphilus,Ammoniphilus resinae
OTU00518,Bacteria,Cyanobacteriota,Cyanophyceae,Oscillatoriales,Microcoleaceae,Planktothrix,Planktothrix spiroides
OTU00519,Bacteria,Bacillota,Clostridia,Eubacteriales,Butyricicoccaceae,Butyricicoccus,Butyricicoccus faecihominis
OTU00520,Bacteria,Bacillota,Bacilli,Lactobacillales,Lactobacillaceae,Fructilactobacillus,Fructilactobacillus vespulae
OTU00521,Bacteria,Actinomycetota,Coriobacteriia,Eggerthellales,Eggerthellaceae,Gordonibacter,Gordonibacter massiliensis (ex Traore et al. 2017)
OTU00522,Bacteria,Bacillota,Clostridia,Peptostreptococcales,Peptostreptococcaceae,Paraclostridium,Paraclostridium tenue
OTU00523,Bacteria,Cyanobacteriota,Cyanophyceae,Chroococcales,Chroococcaceae,Gloeocapsopsis,Gloeocapsopsis diffluens
OTU00524,Bacteria,Bacillota,Clostridia,Peptostreptococcales,Thermotaleaceae,Geosporobacter,Geosporobacter ferrireducens
OTU00525,Bacteria,Bacillota,Bacilli,Lactobacillales,Enterococcaceae,Enterococcus,Enterococcus pseudoavium
OTU00526,Bacteria,Pseudomonadota,Alphaproteobacteria,Sphingomonadales,Sphingomonadaceae,Sphingomicrobium,Sphingomicrobium arenosum
OTU00527,Bacteria,Pseudomonadota,Alphaproteobacteria,Hyphomicrobiales,Devosiaceae,Devosia,Devosia humi
OTU00528,Bacteria,Cyanobacteriota,Cyanophyceae,Synechococcales,Prochlorococcaceae,Cyanobium,Cyanobium gracile
OTU00529,Bacteria,Bacillota,Bacilli,Lactobacillales,Lactobacillaceae,Levilactobacillus,Levilactobacillus enshiensis
OTU00530,Bacteria,Bacillota,Clostridia,Eubacteriales,Clostridiaceae,Clostridium,Clostridium cavendishii
OTU00531,Bacteria,Pseudomonadota,Gammaproteobacteria,Alteromonadales,Idiomarinaceae,Pseudidiomarina,Pseudidiomarina andamanensis
OTU00532,Bacteria,Pseudomonadota,Betaproteobacteria,Burkholderiales,Comamonadaceae,Comamonas,Comamonas thiooxydans
OTU00533,Bacteria,Thermodesulfobacteriota,Desulfuromonadia,Geobacterales,Geobacteraceae,Geotalea,Geotalea daltonii
OTU00534,Bacteria,Cyanobacteriota,Cyanophyceae,Oscillatoriales,Microcoleaceae,Planktothrix,Planktothrix agardhii
OTU00535,Bacteria,Mycoplasmatota,Mollicutes,Haloplasmatales,Haloplasmataceae,Haloplasma,Haloplasma contractile
OTU00536,Bacteria,Bacillota,Clostridia,Eubacteriales,Eubacteriales Family XIII. Incertae Sedis,Eubacteriales Family XIII. Incertae Sedis_Incertae_sedis,[Eubacterium] sulci
OTU00537,Bacteria,Cyanobacteriota,Cyanophyceae,Nostocales,Rivulariaceae,Nunduva,Nunduva fasciculata
OTU00538,Bacteria,Bacillota,Erysipelotrichia,Erysipelotrichales,Erysipelotrichaceae,Merdibacter,Merdibacter massiliensis
OTU00539,Bacteria,Bacillota,Erysipelotrichia,Erysipelotrichales,Erysipelotrichaceae,Holdemania,Holdemania filiformis
OTU00540,Bacteria,Cyanobacteriota,Cyanophyceae,Nostocales,Nostocaceae,Dendronalium,Dendronalium phyllosphericum
OTU00541,Bacteria,Bacillota,Erysipelotrichia,Erysipelotrichales,Erysipelotrichaceae,Floccifex,Floccifex porci
OTU00542,Bacteria,Bacillota,Bacilli,Lactobacillales,Enterococcaceae,Enterococcus,Enterococcus hulanensis
OTU00543,Bacteria,Bacillota,Bacilli,Bacillales,Paenibacillaceae,Cohnella,Cohnella lupini
OTU00544,Bacteria,Bacillota,Bacilli,Lactobacillales,Carnobacteriaceae,Carnobacterium,Carnobacterium iners
OTU00545,Bacteria,Bacillota,Clostridia,Peptostreptococcales,Thermotaleaceae,Anaeromicrobium,Anaeromicrobium sediminis
OTU00546,Bacteria,Bacillota,Clostridia,Peptostreptococcales,Natronincolaceae,Alkaliphilus,Alkaliphilus oremlandii
OTU00547,Bacteria,Bacillota,Clostridia,Eubacteriales,Syntrophomonadaceae,Syntrophomonas,Syntrophomonas bryantii
OTU00548,Bacteria,Bacillota,Clostridia,Peptostreptococcales,Acidaminobacteraceae,Acidaminobacter,Acidaminobacter hydrogenoformans
OTU00549,Bacteria,Mycoplasmatota,Mollicutes,Mycoplasmatales,Mycoplasmataceae,Mycoplasma,Mycoplasma capricolum
OTU00550,Bacteria,Bacillota,Clostridia,Lachnospirales,Vallitaleaceae,Vallitalea,Vallitalea okinawensis
OTU00551,Bacteria,Thermodesulfobacteriota,Desulfobacteria,Desulfobacterales,Desulfobacteraceae,Desulfobotulus,Desulfobotulus sapovorans
OTU00552,Bacteria,Bacillota,Clostridia,Lachnospirales,Lachnospiraceae,Enterocloster,Enterocloster lavalensis
OTU00553,Bacteria,Bacillota,Clostridia,Lachnospirales,Lachnospiraceae,Extibacter,Extibacter muris
OTU00554,Bacteria,Bacillota,Clostridia,Lachnospirales,Lachnospiraceae,Muricomes,Muricomes intestini
OTU00555,Bacteria,Cyanobacteriota,Cyanophyceae,Oscillatoriales,Microcoleaceae,Planktothrix,Planktothrix paucivesiculata
OTU00556,Bacteria,Bacillota,Bacilli,Lactobacillales,Streptococcaceae,Streptococcus,Streptococcus vicugnae
OTU00557,Bacteria,Bacillota,Bacilli,Lactobacillales,Lactobacillaceae,Lactobacillus,Lactobacillus helveticus
OTU00558,Bacteria,Bacillota,Tissierellia,Tissierellales,Peptoniphilaceae,Anaerococcus,Anaerococcus prevotii
OTU00559,Bacteria,Bacillota,Clostridia,Eubacteriales,Clostridiaceae,Clostridium,Clostridium collagenovorans
OTU00560,Bacteria,Bacillota,Tissierellia,Tissierellales,Tepidimicrobiaceae,Tepidimicrobium,Tepidimicrobium xylanilyticum
OTU00561,Bacteria,Cyanobacteriota,Cyanophyceae,Leptolyngbyales,Leptolyngbyaceae,Thainema,Thainema salinarum
OTU00562,Bacteria,Bacillota,Bacilli,Lactobacillales,Lactobacillaceae,Fructobacillus,Fructobacillus durionis
OTU00563,Bacteria,Bacillota,Clostridia,Eubacteriales,Eubacteriales Family XIII. Incertae Sedis,Eubacteriales Family XIII. Incertae Sedis_Incertae_sedis,[Eubacterium] brachy
OTU00564,Bacteria,Bacillota,Clostridia,Eubacteriales,Eubacteriaceae,Eubacterium,Eubacterium limosum
OTU00565,Bacteria,Bacillota,Bacilli,Lactobacillales,Lactobacillaceae,Lactobacillus,Lactobacillus hamsteri
OTU00566,Bacteria,Bacillota,Negativicutes,Selenomonadales,Selenomonadaceae,Selenomonas,Selenomonas montiformis
OTU00567,Bacteria,Bacillota,Clostridia,Eubacteriales,Desulfotomaculaceae,Desulfotomaculum,Desulfotomaculum nigrificans
OTU00568,Bacteria,Bacillota,Clostridia,Eubacteriales,Oscillospiraceae,Pseudobacteroides,Pseudobacteroides cellulosolvens
OTU00569,Bacteria,Cyanobacteriota,Cyanophyceae,Nostocales,Nostocaceae,Komarekiella,Komarekiella gloeocapsoidea
OTU00570,Bacteria,Actinomycetota,Coriobacteriia,Coriobacteriales,Atopobiaceae,Olsenella,Olsenella uli
OTU00571,Bacteria,Bacteroidota,Bacteroidia,Bacteroidales,Tannerellaceae,Parabacteroides,Parabacteroides pacaensis
OTU00572,Bacteria,Bacillota,Clostridia,Lachnospirales,Lachnospiraceae,Anaerostipes,Anaerostipes caccae
OTU00573,Bacteria,Bacillota,Clostridia,Eubacteriales,Clostridiaceae,Sarcina,Sarcina ventriculi
OTU00574,Bacteria,Bacillota,Clostridia,Lachnospirales,Lachnospiraceae,Anaerobutyricum,Anaerobutyricum hallii
OTU00575,Bacteria,Bacillota,Bacilli,Bacillales,Thermoactinomycetaceae,Laceyella,Laceyella sacchari
OTU00576,Bacteria,Bacillota,Clostridia,Eubacteriales,Butyricicoccaceae,Agathobaculum,Agathobaculum desmolans
OTU00577,Bacteria,Bacillota,Bacilli,Bacillales,Bacillaceae,Bacillus,Bacillus manliponensis
OTU00578,Bacteria,Bacillota,Clostridia,Lachnospirales,Lachnospiraceae,Diplocloster,Diplocloster agilis
OTU00579,Bacteria,Bacillota,Tissierellia,Tissierellia_Incertae_sedis,Tissierellia_Incertae_sedis,Dethiosulfatibacter,Dethiosulfatibacter aminovorans
OTU00580,Bacteria,Bacillota,Bacilli,Lactobacillales,Lactobacillaceae,Levilactobacillus,Levilactobacillus koreensis
OTU00581,Bacteria,Mycoplasmatota,Mollicutes,Mycoplasmatales,Mycoplasmataceae,Mycoplasma,Mycoplasma leachii
OTU00582,Bacteria,Bacillota,Clostridia,Lachnospirales,Lachnospiraceae,Shuttleworthella,Shuttleworthella satelles